INSERT INTO `users` (`id_user`, `email`, `password`,`nom`, `prenom`,`adresse`,`city`,`cp`, `telephone`, `date_creation`) VALUES
(1, 'johndoe@gmail.com', 'e10adc3949ba59abbe56e057f20f883e', 'Doe', 'John', '18 rue de la Liberté', 'Paris', 75001, '0626225485', '2017-10-11 10:28:00'),
(2, 'janedoe@gmail.com', 'e10adc3949ba59abbe56e057f20f883e','Doe', 'Jane', '11 rue des templiers', 'Bagnolet', 93170, '0613225675', '2017-07-17 10:29:25'),
(3, 'test@gmail.com', 'e10adc3949ba59abbe56e057f20f883e','Doe', 'Test', '24 rue des Erables', 'Paris', 75016, '0624274415', '2017-07-15 12:29:25'),
(4, 'admin@gmail.com', 'e10adc3949ba59abbe56e057f20f883e','Dupont', 'Eric', '26 rue Charles', 'Paris', 75013, '0666125625', '2017-01-10 13:06:19'),
(5, 'customer1@gmail.com', 'e10adc3949ba59abbe56e057f20f883e','Dagois', 'Martin', '8 rue de la Fratrie', 'Paris', 75001, '0686225443', '2017-03-23 17:06:19');

INSERT INTO `products` (`id_product`, `name`, `description`, `unit_price`, `unit_stock`, `ordonnance`) VALUES
(1, 'Liftactiv cure sérum anti‐oxydante et anti‐fatigue - 10 ml', 'Avec 15 % de Vitamine C pure, le soin Liftactiv anti‐oxydant est la cure anti‐fatigue de la peau. Instantanément la peau est défatiguée, tonique et plus ferme. Après 10 jours, c’est cliniquement prouvé, les ridules sont réduites et l’éclat du teint est ravivé.\r\nPour les femmes à partir de 35 ans à la recherche d\'une solution rapide pour garder une peau visiblement reposée, lumineuse et éclatante de santé. Idéal pour les périodes de stress, fatigue ou encore les changements de saison. \r\nUTILISATION\r\n\r\nUne fois par jour, prélever seulement 4 à 5 gouttes de soin Vichy Liftactiv Cure anti-fatigue dans la paume de la main, puis appliquer sur la peau propre et sèche du visage en évitant le contour des yeux, pendant 10 jours. \r\nEn complément, il est recommandé d\'appliquer un soin solaire ayant au moins un SPF15 pour protéger la peau des rayons UV. \r\nCOMPOSITION\r\n\r\nAqua/water, ascorbic acid, alcohol denat, dipropylene glycol, glycerin, laureth-23, neohesperidin dihydrochalcone, sodium hydroxide, tocopherol, hydrolyzed hyaluronic acid, pinus pinaster bark/bud extract.', 29, 100, 0),
(2, 'Oléocaps n°1 \"nez - gorge\" - 30 capsules', 'UTILISATION\r\n\r\n2 capsules avant le repas, 3 fois par jour durant 5 jours consécutifs.\r\nEn prévision : 2 capsules par jour aussi longtemps que nécessaire.\r\n\r\nPrécautions d\'emploi :\r\n- À avaler avec un peu d’eau.\r\n- Ne pas ingérer plus de 9 capsules par jour.\r\n- Conserver à l’abri de toute source de chaleur.\r\n- Ce produit n’est pas un médicament.\r\n- Sauf avis du médecin ou du pharmacien, ne pas utiliser pendant la grossesse et l’allaitement et chez l’enfant de moins de 6 ans.\r\n\r\nLes compléments alimentaires doivent être utilisés dans le cadre d’une alimentation variée, équilibrée et d’un mode de vie sain. Tenir hors de portée des enfants. Il est déconseillé de dépasser la dose journalière indiquée. Les personnes sous contrôle médical doivent demander conseil à leur médecin avant de prendre un complément alimentaire. Réservé à l’adulte.\r\n\r\nCOMPOSITION\r\n\r\nIngrédients : à l’huile essentielle d\'origan 100 % pure et naturelle.', 8, 75, 0),
(3, 'Lactibiane tolérance - 30 gélules\r\n', 'UTILISATION\r\n\r\nSachet : 1 sachet par jour à diluer dans un verre d’eau. A prendre avant un repas.\r\n\r\nGélule : 1 gélule par jour, à avaler avec un grand verre d\'eau. A prendre avant un repas.\r\n\r\nDurée de la complémentation : 1 mois.\r\n\r\nConservation : dans un endroit frais et sec.\r\n\r\nPrécautions d\'emploi :\r\nNe pas dépasser la dose journalière indiquée.\r\nA tenir hors de portée des enfants.\r\nCe complément alimentaire ne peut se substituer à une alimentation variée, équilibrée et à un mode de vie sain.\r\nA consommer de préférence avant fin et n° de lot mentionnés sur la face inférieure de l\'étui.\r\n\r\nCOMPOSITION\r\n\r\nIngrédients :\r\nSachet : fécule de pomme de terre, inuline de chicorée, maltodextrines de maïs, ferments lactiques.\r\nGélules : agent de charge : amidon de maïs, ferments lactiques (support : amidon de maïs), gélule d\'origine végétale, anti-agglomérant : stéarate de magnésium.', 19, 150, 0),
(4, 'Sterimar hypertonique nez bouche sol nas 100ml x2', 'La solution Hypertonique Stérimar Nez Bouché (diffuseur de 100 ml) est spécialement prévue pour nettoyer et décongestionnez le nez en cas de rhume, de sinusite, de rhinite...\r\n\r\nEnrichi en Cuivre Manganèse, cette solution pour microdiffusion d\'Eau de Mer :- Décongestionne la muqueuse nasale lors d\'épisodes infectieux- Limite les risques d\'infection de la sphère ORL- Optimise l\'action de traitements associés.\r\n\r\n100% naturelle, sans conservateurs, riche en sels minéraux.\r\n\r\nUTILISATION\r\n\r\nIntroduire l\'embout dans la narine. Administrer une pulvérisation en pressant l\'embout pendant quelques secondes et laisser s\'écouler l\'excédent puis moucher.Renouveler l\'opération dans l\'autre narine.Nettoyer l\'embout à l\'eau savonneuse, rincer et essuyer.\r\n\r\nCOMPOSITION\r\n\r\nSolution d\'Eau de Mer Hypertonique Filtrée 100% naturelle.\r\n2 X 100 ML', 8, 250, 0),
(5, 'Humer spray nasal hygiène du nez adulte - 150 ml', 'Les plus produit :\r\n\r\nLe meilleur de la mer :\r\n\r\nQualité de l\'eau de mer certifiée par les autorités françaises\r\n\r\nNon diluée l’eau de mer conserve toute sa richesse en oligo-éléments et sels minéraux marins\r\n\r\nSécurité :\r\n\r\nPulvérisation nasale douce : diffusion par micro-gouttelettes\r\n\r\nEau de mer 100% naturelle\r\n\r\nHygiène :\r\n\r\nEau de mer stérilisée pour une hygiène optimale\r\n\r\nValve anti-reflux qui prévient la contamination causée par le reflux du mucus\r\n\r\nL’embout peut être nettoyé à l\'eau chaude pour éviter la recontamination\r\n\r\nUTILISATION\r\n\r\nLe Spray nasal hygiène du nez adulte s’utilise dans toutes les positions. Introduire délicatement l’embout dans la narine. Exercer une pression sur l’embout. 1 pulvérisation dans chaque narine 2 à 3 fois par jour avant le repas. Nettoyer l’embout à l’eau chaude après chaque utilisation. Disponible également pour les nourrissons et les enfants.\r\nCOMPOSITION\r\n\r\n100% eau de mer naturellement riche en sels minéraux et oligo-éléments : magnésium, cuivre, or, argent, soufre, sélénium, manganèse, etc.\r\n\r\nSolution nasale isotonique, stérile et sans conservateur.', 3, 140, 0);

INSERT INTO `orders` (`id_order`, `id_user`, `status`, `discount`, `order_date`) VALUES
(1, 2, 'PENDING', 0, '2017-10-11 12:12:32'),
(2, 5, 'PAID', 5, '2017-09-01 15:32:46'),
(3, 3, 'SENT', 0, '2017-08-21 12:25:36');

INSERT INTO `order_detail` (`id_order_detail`, `id_order`, `id_product`, `quantity`) VALUES
(1, 1, 3, 4),
(2, 1, 2, 1),
(3, 2, 4, 1),
(4, 3, 5, 1),
(5, 3, 4, 5);
